[
  {
    "id": 1,
    "name": "Usain Bolt",
    "year": "1986",
    "state": "Jamajka",
    "spec": "Running",
    "content": "Usain St. Leo Bolt (* 21. srpna 1986) je bývalý jamajský sportovec, atlet-sprinter, v současnosti držitel tří atletických světových rekordů v běhu na 100 metrů s časem 9,58 s, který zaběhl 16. srpna 2009, běhu na 200 metrů s časem 19,19 s z 20. srpna 2009 a ve štafetě na 4 x 100 metrů časem 36,84 s, kterou zaběhl jamajský tým na LOH 2012 v Londýně. Drží také světový rekord v běhu na neoficiální trati 150 metrů časem 14,35 s. z května roku 2009. Svoji kariéru ukončil v roce 2017, na světovém šampionátu v Londýně. "
  },
  {
    "id": 2,
    "name": "Andreas Piskoř",
    "year": "2001",
    "state": "Česká republika",
    "content": "Atlet z Opavy.",
    "spec": "Jumping"
  },
  {
    "id": 3,
    "name": "Jan Kudlička",
    "year": "1988",
    "state": "Česká republika",
    "spec": "pole jumping",
    "content": "Jan Kudlička je český atlet, reprezentant ve skoku o tyči. Jeho největším sportovním úspěchem bylo zpočátku 5. místo z mistrovství světa juniorů v roce 2006, pak přišly úspěchy další i účast na olympijských hrách."
  },
  {
    "id": 4,
    "name": "Yohan Blake",
    "year": "1989",
    "state": "Jamajka",
    "spec": "Running",
    "content": "Yohan Blake je jamajský atlet, sprinter. V současnosti je s osobními rekordy 9,69 s. na stovce a 19,26 s. na dvoustovce druhým nejrychlejším mužem historie za svým krajanem Usainem Boltem. Je také spoludržitelem světového rekordu ve štafetě na 4 x 100 metrů."
  },
  {
    "id": 5,
    "name": "Peter Sagan",
    "year": "1990",
    "state": "Slovensko",
    "spec": "Cycling",
    "content": "Peter Sagan je slovenský silniční profesionální cyklista, který jako první muž v historii vyhrál třikrát za sebou mistrovství světa v silničním závodě. V období 2010–2014 jezdil za ProTour stáj Cannondale. Od sezóny 2015–2016 byl závodníkem WorldTour stáje Tinkoff-Saxo. Nyní závodí za tým Bora Hansgrohe. "
  },
  {
    "id": 6,
    "name": "Michael Phelps",
    "year": "1985",
    "state": "USA",
    "spec": "Swimming",
    "content": "Michael Fred Phelps je americký plavec, držitel rekordního počtu 28 olympijských medailí, z toho 23 zlatých. Rekordem je i 13 zlatých a celkem 16 medailí z individuálních soutěží. "
  },
  {
    "id": 7,
    "name": "Jan Železný",
    "year": "1966",
    "state": "Československo",
    "spec": "Javelin",
    "content": "Jan Železný je bývalý český atlet, oštěpař. Bývá považován za nejlepšího oštěpaře všech dob. Je držitelem tří zlatých medailí a jedné stříbrné medaile z Olympijských her, trojnásobný mistr světa, několikanásobný rekordman a držitel současného světového rekordu v hodu oštěpem z roku 1996."
  },
  {
    "id": 8,
    "name": "Carl Lewis",
    "year": "1961",
    "state": "USA",
    "spec": "Jumping",
    "content": "Frederick Carlton „Carl“ Lewis je bývalý americký atlet, jeden z nejznámějších a nejúspěšnějších atletů historie. Pochází ze sportovní rodiny, oba jeho rodiče byli trenéry lehké atletiky, jeho sestra Carol Lewisová byla také úspěšná americká atletka, skokanka do dálky."
  }
]